bw0, bw1, mcs0, mcs1, nss, R0        , R1         , nsld0, nsld1, ampdunumsld0, ampdunumsld1, fixedPER0, fixedPER1, bawsize, maxampdunum0, maxampdunum1, D0        , D1        , D_total    , T0          , T1          , Variance  , p0      , p1      , alpha0  , alpha1  , lambda0 , lambda1 , D_slo      , lambda_slo, exhaustive_maxampdunum0, exhaustive_maxampdunum1, exhaustive_same_allocation, exhaustive_variance_gap, exhaustive_normalized_variance_gap, exhaustive_throughput_gap_Mbps
 40,  80,    4,   10,   2, 206.470590, 1080.882354,     4,     1,           24,          232,  0.000000,  0.000000,     256,            0,          256,   0.000000, 492.252170,  492.252170,     0.000000,  6240.703831,   0.000000, 0.728464, 0.895379, 0.000000, 0.015395, 0.000000, 0.001442,  492.252170,   0.001442,                       0,                     256,                          1,                       0,                                  0,                              0
 20,  80,    9,   10,   2, 229.411766, 1080.882354,     4,     1,           24,          232,  0.000000,  0.000000,     256,            0,          256,   0.000000, 492.252170,  492.252170,     0.000000,  6240.703831,   0.000000, 0.728464, 0.895379, 0.000000, 0.015395, 0.000000, 0.001442,  492.252170,   0.001442,                       0,                     256,                          1,                       0,                                  0,                              0
 40,  80,    5,   10,   2, 275.294118, 1080.882354,     4,     1,           24,          232,  0.000000,  0.000000,     256,            9,          247,  17.530269, 483.051683,  500.581952,  6160.772613,  6135.989382, 153.552130, 0.728464, 0.895379, 0.026335, 0.015658, 0.001461, 0.001467,  492.252170,   0.001442,                       9,                     247,                          1,                       0,                                  0,                              0
 40,  80,    6,   10,   2, 309.705884, 1080.882354,     4,     1,           24,          232,  0.000000,  0.000000,     256,           19,          237,  37.786644, 472.453503,  510.240147,  6033.878007,  6019.639994,  50.680251, 0.728464, 0.895379, 0.026889, 0.015961, 0.001492, 0.001495,  492.252170,   0.001442,                      19,                     237,                          1,                       0,                                  0,                              0
 40,  80,    7,   10,   2, 344.117648, 1080.882354,     4,     1,           24,          232,  0.000000,  0.000000,     256,           28,          228,  56.989560, 462.558654,  519.548214,  5895.816709,  5914.925545,  91.286908, 0.728464, 0.895379, 0.027519, 0.016243, 0.001527, 0.001522,  492.252170,   0.001442,                      28,                     228,                          1,                       0,                                  0,                              0
 40,  80,    8,   10,   2, 412.941178, 1080.882354,     4,     1,           24,          232,  0.000000,  0.000000,     256,           46,          210,  97.034050, 441.679341,  538.713391,  5688.724739,  5705.496648,  70.324226, 0.728464, 0.895379, 0.028520, 0.016839, 0.001582, 0.001577,  492.252170,   0.001442,                      46,                     210,                          1,                       0,                                  0,                              0
 40,  80,    9,   10,   2, 458.823530, 1080.882354,     4,     1,           24,          232,  0.000000,  0.000000,     256,           58,          198, 124.615528, 426.886875,  551.502402,  5585.178767,  5565.877382,  93.135863, 0.728464, 0.895379, 0.029049, 0.017262, 0.001611, 0.001617,  492.252170,   0.001442,                      58,                     198,                          1,                       0,                                  0,                              0
 40,  80,   10,   10,   2, 516.176472, 1080.882354,     4,     1,           24,          232,  0.000000,  0.000000,     256,           70,          186, 155.309893, 411.333179,  566.643072,  5408.541496,  5426.258117,  78.469663, 0.728464, 0.895379, 0.029998, 0.017706, 0.001664, 0.001659,  492.252170,   0.001442,                      70,                     186,                          1,                       0,                                  0,                              0
 40,  80,   11,   10,   2, 573.529412, 1080.882354,     4,     1,           24,          232,  0.000000,  0.000000,     256,           83,          173, 188.309708, 393.554210,  581.863918,  5289.159079,  5275.003913,  50.092176, 0.728464, 0.895379, 0.030675, 0.018214, 0.001702, 0.001706,  492.252170,   0.001442,                      83,                     173,                          1,                       0,                                  0,                              0
 40,  80,    4,   10,   2, 206.470590, 1080.882354,     4,     1,           96,          928,  0.000000,  0.000000,    1024,            0,         1024,   0.000000, 526.517532,  526.517532,     0.000000, 23338.254181,   0.000000, 0.728464, 0.895379, 0.000000, 0.004117, 0.000000, 0.000386,  526.517532,   0.000386,                       0,                    1024,                          1,                       0,                                  0,                              0
 20,  80,    9,   10,   2, 229.411766, 1080.882354,     4,     1,           96,          928,  0.000000,  0.000000,    1024,           11,         1013,   5.695191, 523.733678,  529.428869, 23177.449420, 23210.269855, 269.295245, 0.728464, 0.895379, 0.007000, 0.004139, 0.000388, 0.000388,  526.517532,   0.000386,                      11,                    1013,                          1,                       0,                                  0,                              0
 40,  80,    5,   10,   2, 275.294118, 1080.882354,     4,     1,           96,          928,  0.000000,  0.000000,    1024,           75,          949,  40.013838, 506.907578,  546.921416, 22492.218746, 22465.633774, 176.690178, 0.728464, 0.895379, 0.007213, 0.004277, 0.000400, 0.000401,  526.517532,   0.000386,                      75,                     949,                          1,                       0,                                  0,                              0
 40,  80,    6,   10,   2, 309.705884, 1080.882354,     4,     1,           96,          928,  0.000000,  0.000000,    1024,          119,          905,  65.059586, 494.677514,  559.737100, 21949.109832, 21953.696468,   5.259309, 0.728464, 0.895379, 0.007392, 0.004376, 0.000410, 0.000410,  526.517532,   0.000386,                     119,                     905,                          1,                       0,                                  0,                              0
 40,  80,    7,   10,   2, 344.117648, 1080.882354,     4,     1,           96,          928,  0.000000,  0.000000,    1024,          161,          863,  90.105504, 482.459166,  572.564669, 21441.531539, 21465.029040, 138.033148, 0.728464, 0.895379, 0.007567, 0.004476, 0.000420, 0.000419,  526.517532,   0.000386,                     161,                     863,                          1,                       0,                                  0,                              0
 40,  80,    8,   10,   2, 412.941178, 1080.882354,     4,     1,           96,          928,  0.000000,  0.000000,    1024,          240,          784, 140.296929, 457.902270,  598.199199, 20527.890497, 20545.868878,  80.805546, 0.728464, 0.895379, 0.007904, 0.004676, 0.000438, 0.000438,  526.517532,   0.000386,                     240,                     784,                          1,                       0,                                  0,                              0
 40,  80,    9,   10,   2, 458.823530, 1080.882354,     4,     1,           96,          928,  0.000000,  0.000000,    1024,          289,          735, 173.655538, 441.535210,  615.190748, 19970.569518, 19975.756879,   6.727177, 0.728464, 0.895379, 0.008124, 0.004810, 0.000451, 0.000451,  526.517532,   0.000386,                     289,                     735,                          1,                       0,                                  0,                              0
 40,  80,   10,   10,   2, 516.176472, 1080.882354,     4,     1,           96,          928,  0.000000,  0.000000,    1024,          346,          678, 215.021438, 421.280127,  636.301566, 19309.702485, 19312.565369,   2.049027, 0.728464, 0.895379, 0.008402, 0.004975, 0.000466, 0.000466,  526.517532,   0.000386,                     346,                     678,                          1,                       0,                                  0,                              0
 40,  80,   11,   10,   2, 573.529412, 1080.882354,     4,     1,           96,          928,  0.000000,  0.000000,    1024,          399,          625, 256.134559, 401.157181,  657.291740, 18693.299381, 18695.913615,   1.708554, 0.728464, 0.895379, 0.008679, 0.005139, 0.000481, 0.000481,  526.517532,   0.000386,                     399,                     625,                          1,                       0,                                  0,                              0
 40,  80,    4,   10,   2, 206.470590, 1080.882354,     0,     0,            0,            0,  0.000000,  0.000000,     256,           41,          215, 175.477050, 918.799547, 1094.276597,  2803.785449,  2808.011834,   4.465584, 1.000000, 1.000000, 1.000000, 1.000000, 0.003210, 0.003205,  935.147200,   0.002740,                      41,                     215,                          1,                       0,                                  0,                              0
 20,  80,    9,   10,   2, 229.411766, 1080.882354,     0,     0,            0,            0,  0.000000,  0.000000,     256,           45,          211, 194.711719, 916.902263, 1111.613983,  2773.330755,  2761.472079,  35.157050, 1.000000, 1.000000, 1.000000, 1.000000, 0.003245, 0.003259,  935.147200,   0.002740,                      45,                     211,                          1,                       0,                                  0,                              0
 40,  80,    5,   10,   2, 275.294118, 1080.882354,     0,     0,            0,            0,  0.000000,  0.000000,     256,           52,          204, 232.665084, 913.423460, 1146.088545,  2681.966664,  2680.027508,   0.940081, 1.000000, 1.000000, 1.000000, 1.000000, 0.003356, 0.003358,  935.147200,   0.002740,                      52,                     204,                          1,                       0,                                  0,                              0
 40,  80,    6,   10,   2, 309.705884, 1080.882354,     0,     0,            0,            0,  0.000000,  0.000000,     256,           57,          199, 260.963395, 910.806277, 1171.769672,  2621.057253,  2621.852814,   0.158229, 1.000000, 1.000000, 1.000000, 1.000000, 0.003434, 0.003433,  935.147200,   0.002740,                      57,                     199,                          1,                       0,                                  0,                              0
 40,  80,    7,   10,   2, 344.117648, 1080.882354,     0,     0,            0,            0,  0.000000,  0.000000,     256,           62,          194, 289.231971, 908.070316, 1197.302287,  2572.329737,  2563.678120,  18.712620, 1.000000, 1.000000, 1.000000, 1.000000, 0.003499, 0.003511,  935.147200,   0.002740,                      62,                     194,                          1,                       0,                                  0,                              0
 40,  80,    8,   10,   2, 412.941178, 1080.882354,     0,     0,            0,            0,  0.000000,  0.000000,     256,           71,          185, 345.109206, 902.819357, 1247.928562,  2468.783753,  2458.963671,  24.108499, 1.000000, 1.000000, 1.000000, 1.000000, 0.003646, 0.003660,  935.147200,   0.002740,                      71,                     185,                          1,                       0,                                  0,                              0
 40,  80,    9,   10,   2, 458.823530, 1080.882354,     0,     0,            0,            0,  0.000000,  0.000000,     256,           76,          180, 381.653588, 899.704231, 1281.357819,  2389.601536,  2400.788978,  31.289713, 1.000000, 1.000000, 1.000000, 1.000000, 0.003766, 0.003749,  935.147200,   0.002740,                      76,                     180,                          1,                       0,                                  0,                              0
 40,  80,   10,   10,   2, 516.176472, 1080.882354,     0,     0,            0,            0,  0.000000,  0.000000,     256,           83,          173, 427.707891, 895.080521, 1322.788412,  2328.692131,  2319.344406,  21.844991, 1.000000, 1.000000, 1.000000, 1.000000, 0.003865, 0.003880,  935.147200,   0.002740,                      83,                     173,                          1,                       0,                                  0,                              0
 40,  80,   11,   10,   2, 573.529412, 1080.882354,     0,     0,            0,            0,  0.000000,  0.000000,     256,           89,          167, 472.977144, 890.850865, 1363.828009,  2258.037230,  2249.534774,  18.072941, 1.000000, 1.000000, 1.000000, 1.000000, 0.003986, 0.004001,  935.147200,   0.002740,                      89,                     167,                          1,                       0,                                  0,                              0
 40,  80,    4,   10,   2, 206.470590, 1080.882354,     0,     0,            0,            0,  0.000000,  0.000000,    1024,          164,          860, 190.556570, 997.627026, 1188.183597, 10327.641795, 10344.547337,  71.449339, 1.000000, 1.000000, 1.000000, 1.000000, 0.000871, 0.000870, 1002.882856,   0.000735,                     164,                     860,                          1,                       0,                                  0,                              0
 20,  80,    9,   10,   2, 229.411766, 1080.882354,     0,     0,            0,            0,  0.000000,  0.000000,    1024,          179,          845, 211.604673, 997.047868, 1208.652540, 10151.004560, 10170.023256,  90.427696, 1.000000, 1.000000, 1.000000, 1.000000, 0.000887, 0.000885, 1002.882856,   0.000735,                     179,                     845,                          1,                       0,                                  0,                              0
 40,  80,    5,   10,   2, 275.294118, 1080.882354,     0,     0,            0,            0,  0.000000,  0.000000,    1024,          208,          816, 253.649085, 995.869862, 1249.518948,  9840.366654,  9832.610032,  15.041300, 1.000000, 1.000000, 1.000000, 1.000000, 0.000915, 0.000915, 1002.882856,   0.000735,                     208,                     816,                          1,                       0,                                  0,                              0
 40,  80,    6,   10,   2, 309.705884, 1080.882354,     0,     0,            0,            0,  0.000000,  0.000000,    1024,          228,          796, 285.097141, 995.009198, 1280.106339,  9596.729011,  9599.911256,   2.531672, 1.000000, 1.000000, 1.000000, 1.000000, 0.000938, 0.000938, 1002.882856,   0.000735,                     228,                     796,                          1,                       0,                                  0,                              0
 40,  80,    7,   10,   2, 344.117648, 1080.882354,     0,     0,            0,            0,  0.000000,  0.000000,    1024,          247,          777, 316.488361, 994.152009, 1310.640370,  9365.273309,  9378.847420,  46.064123, 1.000000, 1.000000, 1.000000, 1.000000, 0.000961, 0.000960, 1002.882856,   0.000735,                     247,                     777,                          1,                       0,                                  0,                              0
 40,  80,    8,   10,   2, 412.941178, 1080.882354,     0,     0,            0,            0,  0.000000,  0.000000,    1024,          283,          741, 379.137171, 992.411864, 1371.549034,  8957.180310,  8959.989624,   1.973062, 1.000000, 1.000000, 1.000000, 1.000000, 0.001005, 0.001004, 1002.882856,   0.000735,                     283,                     741,                          1,                       0,                                  0,                              0
 40,  80,    9,   10,   2, 458.823530, 1080.882354,     0,     0,            0,            0,  0.000000,  0.000000,    1024,          305,          719, 420.771131, 991.265994, 1412.037125,  8698.315374,  8704.020971,   8.138461, 1.000000, 1.000000, 1.000000, 1.000000, 0.001035, 0.001034, 1002.882856,   0.000735,                     305,                     719,                          1,                       0,                                  0,                              0
 40,  80,   10,   10,   2, 516.176472, 1080.882354,     0,     0,            0,            0,  0.000000,  0.000000,    1024,          331,          693, 472.693683, 989.821766, 1462.515449,  8402.904764,  8401.512564,   0.484556, 1.000000, 1.000000, 1.000000, 1.000000, 0.001071, 0.001071, 1002.882856,   0.000735,                     331,                     693,                          1,                       0,                                  0,                              0
 40,  80,   11,   10,   2, 573.529412, 1080.882354,     0,     0,            0,            0,  0.000000,  0.000000,    1024,          355,          669, 524.454763, 988.393148, 1512.847911,  8122.721535,  8122.274033,   0.050065, 1.000000, 1.000000, 1.000000, 1.000000, 0.001108, 0.001108, 1002.882856,   0.000735,                     355,                     669,                          1,                       0,                                  0,                              0
